pitcher_id,pitch_type,pitch_count,num_clusters,top_cluster,top_cluster_pct,top_3_clusters_pct,top_5_clusters_pct,concentration,entropy,consistency_score,num_clusters_used,cluster_rank1,cluster_rank1_pct,cluster_rank2,cluster_rank2_pct,cluster_rank3,cluster_rank3_pct
434378,CH,21,12,cube60_cluster0,28.57,52.379999999999995,66.66,28.57,2.243240881142677,28.57,12,cube60_cluster0,28.57,cube16_cluster0,14.29,cube62_cluster1,9.52
434378,CU,22,13,cube60_cluster0,18.18,40.91,59.09,18.18,2.4377622536034775,18.18,13,cube60_cluster0,18.18,cube61_cluster0,13.64,cube50_cluster0,9.09
434378,FF,41,21,cube60_cluster0,12.2,31.72,46.36,12.2,2.871143742697271,12.2,21,cube60_cluster0,12.2,cube61_cluster0,9.76,cube62_cluster1,9.76
434378,SL,46,20,cube60_cluster0,19.57,36.97,52.19,19.57,2.7425199126958058,19.57,20,cube60_cluster0,19.57,cube51_cluster0,8.7,cube67_cluster0,8.7
434378,ST,9,6,cube61_cluster0,44.44,66.66,88.88,44.44,1.5810356357966395,44.44,6,cube61_cluster0,44.44,cube62_cluster1,11.11,cube61_cluster2,11.11
455119,FC,18,14,cube16_cluster1,11.11,33.33,50.0,11.11,2.583093119605798,11.11,14,cube16_cluster1,11.11,cube51_cluster0,11.11,cube68_cluster0,11.11
455119,FF,24,18,cube60_cluster0,25.0,37.5,45.84,25.0,2.6734636098714386,25.0,18,cube60_cluster0,25.0,cube67_cluster0,8.33,cube10_cluster0,4.17
455119,FS,18,12,cube59_cluster2,11.11,33.33,55.55,11.11,2.428697811714806,11.11,12,cube59_cluster2,11.11,cube60_cluster0,11.11,cube50_cluster0,11.11
455119,SI,6,6,cube42_cluster0,16.67,50.010000000000005,83.35000000000001,16.67,1.7919178011232335,16.67,6,cube42_cluster0,16.67,cube32_cluster0,16.67,cube50_cluster0,16.67
472610,FF,7,7,cube41_cluster0,14.29,42.87,71.44999999999999,14.29,1.9461938771045295,14.29,7,cube41_cluster0,14.29,cube42_cluster0,14.29,cube69_cluster0,14.29
472610,FS,7,6,cube61_cluster0,28.57,57.15,85.72999999999999,28.57,1.748067149102356,28.57,6,cube61_cluster0,28.57,cube60_cluster0,14.29,cube1_cluster1,14.29
472610,SI,7,6,cube23_cluster0,28.57,57.15,85.72999999999999,28.57,1.748067149102356,28.57,6,cube23_cluster0,28.57,cube43_cluster0,14.29,cube62_cluster3,14.29
472610,ST,49,25,cube60_cluster0,16.33,32.65,44.88999999999999,16.33,2.982029396862753,16.33,25,cube60_cluster0,16.33,cube66_cluster0,8.16,cube51_cluster0,8.16
489446,FF,49,21,cube61_cluster0,14.29,40.82,55.1,14.29,2.765750262676203,14.29,21,cube61_cluster0,14.29,cube59_cluster0,14.29,cube60_cluster0,12.24
489446,FS,77,32,cube60_cluster0,11.69,25.97,36.35,11.69,3.2519845665747087,11.69,32,cube60_cluster0,11.69,cube61_cluster0,7.79,cube25_cluster0,6.49
518397,SI,12,8,cube60_cluster0,25.0,58.34,75.0,25.0,1.9790097769533075,25.0,8,cube60_cluster0,25.0,cube50_cluster0,16.67,cube67_cluster0,16.67
518397,SL,36,22,cube60_cluster0,16.67,33.33,44.45,16.67,2.910400440972561,16.67,22,cube60_cluster0,16.67,cube61_cluster0,8.33,cube59_cluster0,8.33
518585,FF,8,7,cube61_cluster0,25.0,50.0,75.0,25.0,1.9061547465398496,25.0,7,cube61_cluster0,25.0,cube25_cluster0,12.5,cube60_cluster0,12.5
518585,FS,64,32,cube17_cluster0,7.81,23.43,34.37,7.81,3.2759720025753953,7.81,32,cube17_cluster0,7.81,cube3_cluster1,7.81,cube16_cluster0,7.81
518585,SI,24,14,cube61_cluster0,20.83,41.66,58.31999999999999,20.83,2.4747424059496037,20.83,14,cube61_cluster0,20.83,cube68_cluster0,12.5,cube50_cluster0,8.33
518585,SL,24,21,cube67_cluster0,12.5,25.0,33.34,12.5,2.984294706488635,12.5,21,cube67_cluster0,12.5,cube60_cluster0,8.33,cube10_cluster0,4.17
519151,CH,16,12,cube61_cluster0,18.75,43.75,56.25,18.75,2.36060911398924,18.75,12,cube61_cluster0,18.75,cube67_cluster0,18.75,cube8_cluster1,6.25
519151,CU,56,31,cube60_cluster0,10.71,26.78,41.06,10.71,3.2031990450124717,10.71,31,cube60_cluster0,10.71,cube61_cluster0,8.93,cube25_cluster0,7.14
519151,FF,96,34,cube60_cluster0,14.58,27.080000000000002,37.5,14.58,3.267037749980848,14.58,34,cube60_cluster0,14.58,cube67_cluster0,7.29,cube61_cluster0,5.21
519151,SL,96,34,cube60_cluster0,11.46,29.17,40.63,11.46,3.215285684945766,11.46,34,cube60_cluster0,11.46,cube61_cluster0,10.42,cube50_cluster0,7.29
542888,FC,30,20,cube61_cluster2,10.0,23.340000000000003,36.68000000000001,10.0,2.9212324474603575,10.0,20,cube61_cluster2,10.0,cube53_cluster0,6.67,cube62_cluster2,6.67
542888,FF,54,24,cube60_cluster0,12.96,27.78,40.75,12.96,2.994675220603609,12.96,24,cube60_cluster0,12.96,cube67_cluster0,7.41,cube42_cluster0,7.41
542888,SI,42,21,cube60_cluster0,14.29,38.089999999999996,52.37,14.29,2.8008153389254953,14.29,21,cube60_cluster0,14.29,cube50_cluster0,11.9,cube61_cluster0,11.9
542888,ST,36,21,cube60_cluster0,16.67,30.56,41.68,16.67,2.8865562268030582,16.67,21,cube60_cluster0,16.67,cube51_cluster0,8.33,cube50_cluster0,5.56
547973,FF,72,30,cube51_cluster0,15.28,34.72,49.989999999999995,15.28,3.0335099971030655,15.28,30,cube51_cluster0,15.28,cube61_cluster0,9.72,cube60_cluster0,9.72
547973,SL,8,5,cube60_cluster0,37.5,75.0,100.0,37.5,1.4941751382893085,37.5,5,cube60_cluster0,37.5,cube9_cluster0,25.0,cube51_cluster0,12.5
571927,CH,56,29,cube60_cluster0,14.29,28.58,39.3,14.29,3.1530882938600304,14.29,29,cube60_cluster0,14.29,cube67_cluster0,8.93,cube61_cluster0,5.36
571927,CU,64,22,cube61_cluster0,15.62,37.5,50.0,15.62,2.8232750735479955,15.62,22,cube61_cluster0,15.62,cube60_cluster0,12.5,cube67_cluster0,9.38
571927,SI,288,44,cube60_cluster0,14.58,30.9,39.24,14.58,3.3521064870406563,14.58,44,cube60_cluster0,14.58,cube61_cluster0,10.42,cube67_cluster0,5.9
571927,SL,16,12,cube60_cluster0,18.75,43.75,56.25,18.75,2.3933121229745242,18.75,12,cube60_cluster0,18.75,cube51_cluster0,12.5,cube50_cluster0,12.5
571946,FF,42,20,cube60_cluster0,19.05,35.71,49.99,19.05,2.775453827270056,19.05,20,cube60_cluster0,19.05,cube68_cluster0,9.52,cube61_cluster0,7.14
571946,FS,35,21,cube60_cluster0,14.29,34.29,48.57,14.29,2.8606340265758488,14.29,21,cube60_cluster0,14.29,cube51_cluster0,11.43,cube62_cluster1,8.57
571946,SL,7,7,cube24_cluster0,14.29,42.87,71.44999999999999,14.29,1.9461938771045295,14.29,7,cube24_cluster0,14.29,cube50_cluster0,14.29,cube68_cluster0,14.29
573124,SI,60,35,cube61_cluster0,8.33,23.33,31.659999999999997,8.33,3.402452158605877,8.33,35,cube61_cluster0,8.33,cube16_cluster0,8.33,cube60_cluster0,6.67
573124,ST,30,17,cube61_cluster0,23.33,46.66,60.0,23.33,2.559135740565427,23.33,17,cube61_cluster0,23.33,cube67_cluster0,13.33,cube51_cluster0,10.0
592332,FF,360,42,cube60_cluster0,14.72,32.22,40.83,14.72,3.3367009902174427,14.72,42,cube60_cluster0,14.72,cube61_cluster0,11.11,cube67_cluster0,6.39
592332,FS,200,38,cube61_cluster0,11.0,27.5,38.0,11.0,3.2970409869057593,11.0,38,cube61_cluster0,11.0,cube60_cluster0,10.0,cube67_cluster0,6.5
592332,SL,136,35,cube60_cluster0,16.18,35.3,45.599999999999994,16.18,3.1536566195846465,16.18,35,cube60_cluster0,16.18,cube67_cluster0,11.03,cube61_cluster0,8.09
592426,CU,12,10,cube61_cluster0,16.67,41.67,58.33,16.67,2.253514338452689,16.67,10,cube61_cluster0,16.67,cube60_cluster0,16.67,cube51_cluster0,8.33
592426,FF,18,14,cube68_cluster0,16.67,38.89,50.010000000000005,16.67,2.5541607717860315,16.67,14,cube68_cluster0,16.67,cube59_cluster1,11.11,cube60_cluster0,11.11
592426,SL,36,20,cube59_cluster1,16.67,36.11,47.230000000000004,16.67,2.8093585728575623,16.67,20,cube59_cluster1,16.67,cube67_cluster0,11.11,cube16_cluster0,8.33
593974,CH,56,23,cube61_cluster0,14.29,30.36,42.86,14.29,2.953915718085543,14.29,23,cube61_cluster0,14.29,cube17_cluster1,8.93,cube67_cluster0,7.14
593974,SI,40,21,cube51_cluster0,12.5,32.5,47.5,12.5,2.8529642123209884,12.5,21,cube51_cluster0,12.5,cube61_cluster0,12.5,cube59_cluster1,7.5
593974,SL,8,8,cube66_cluster0,12.5,37.5,62.5,12.5,2.0794415416798357,12.5,8,cube66_cluster0,12.5,cube68_cluster0,12.5,cube50_cluster0,12.5
596001,CH,12,8,cube61_cluster0,25.0,58.34,75.0,25.0,1.9790097769533075,25.0,8,cube61_cluster0,25.0,cube52_cluster0,16.67,cube60_cluster0,16.67
596001,FF,8,8,cube61_cluster2,12.5,37.5,62.5,12.5,2.0794415416798357,12.5,8,cube61_cluster2,12.5,cube16_cluster0,12.5,cube52_cluster0,12.5
596001,SL,40,21,cube61_cluster0,15.0,37.5,52.5,15.0,2.800191771311205,15.0,21,cube61_cluster0,15.0,cube60_cluster0,15.0,cube67_cluster0,7.5
600917,CH,21,15,cube68_cluster0,19.05,42.86,52.379999999999995,19.05,2.557045088546152,19.05,15,cube68_cluster0,19.05,cube60_cluster0,14.29,cube67_cluster0,9.52
600917,CU,7,7,cube51_cluster0,14.29,42.87,71.44999999999999,14.29,1.9461938771045295,14.29,7,cube51_cluster0,14.29,cube61_cluster1,14.29,cube17_cluster0,14.29
600917,FF,42,25,cube61_cluster0,14.29,30.95,42.849999999999994,14.29,3.026979727263005,14.29,25,cube61_cluster0,14.29,cube60_cluster0,9.52,cube32_cluster0,7.14
600917,SI,7,7,cube60_cluster0,14.29,42.87,71.44999999999999,14.29,1.9461938771045295,14.29,7,cube60_cluster0,14.29,cube62_cluster3,14.29,cube16_cluster0,14.29
600917,SL,49,24,cube61_cluster0,10.2,28.56,40.8,10.2,3.0319423421753413,10.2,24,cube61_cluster0,10.2,cube60_cluster0,10.2,cube51_cluster0,8.16
605447,FF,63,24,cube60_cluster0,22.22,36.51,49.21,22.22,2.826954464074298,22.22,24,cube60_cluster0,22.22,cube67_cluster0,7.94,cube59_cluster0,6.35
605447,SL,91,36,cube61_cluster0,10.99,25.27,34.07,10.99,3.3650103503848774,10.99,36,cube61_cluster0,10.99,cube60_cluster0,7.69,cube51_cluster0,6.59
606303,CH,6,6,cube24_cluster0,16.67,50.010000000000005,83.35000000000001,16.67,1.7919178011232335,16.67,6,cube24_cluster0,16.67,cube67_cluster0,16.67,cube62_cluster0,16.67
606303,FF,30,15,cube60_cluster0,16.67,40.0,60.0,16.67,2.5255811258168324,16.67,15,cube60_cluster0,16.67,cube50_cluster0,13.33,cube51_cluster0,10.0
606303,SI,6,6,cube52_cluster0,16.67,50.010000000000005,83.35000000000001,16.67,1.7919178011232335,16.67,6,cube52_cluster0,16.67,cube59_cluster0,16.67,cube16_cluster0,16.67
606303,ST,48,26,cube61_cluster0,12.5,31.25,41.67,12.5,3.063577426647568,12.5,26,cube61_cluster0,12.5,cube60_cluster0,10.42,cube66_cluster0,8.33
606930,FC,152,41,cube60_cluster0,11.84,26.97,35.53,11.84,3.4181287537708696,11.84,41,cube60_cluster0,11.84,cube61_cluster0,7.89,cube67_cluster0,7.24
606930,FF,32,14,cube61_cluster0,18.75,53.12,71.88,18.75,2.3353455453468084,18.75,14,cube61_cluster0,18.75,cube60_cluster0,18.75,cube68_cluster0,15.62
607200,CH,32,20,cube16_cluster0,12.5,31.260000000000005,43.760000000000005,12.5,2.8685075735110885,12.5,20,cube16_cluster0,12.5,cube62_cluster3,9.38,cube50_cluster0,9.38
607200,FC,168,40,cube60_cluster0,13.1,32.74,44.050000000000004,13.1,3.245354960375342,13.1,40,cube60_cluster0,13.1,cube61_cluster0,12.5,cube50_cluster0,7.14
607200,SI,160,41,cube61_cluster0,14.37,27.5,38.12,14.37,3.2999135880696757,14.37,41,cube61_cluster0,14.37,cube60_cluster0,6.88,cube51_cluster0,6.25
607200,ST,160,37,cube60_cluster0,11.25,28.75,40.0,11.25,3.2596151128134503,11.25,37,cube60_cluster0,11.25,cube61_cluster0,9.38,cube50_cluster0,8.12
607259,CH,132,41,cube61_cluster0,11.36,29.549999999999997,41.669999999999995,11.36,3.3216986680018787,11.36,41,cube61_cluster0,11.36,cube60_cluster0,10.61,cube68_cluster0,7.58
607259,CU,42,20,cube61_cluster0,16.67,35.71,49.99,16.67,2.7627497153182135,16.67,20,cube61_cluster0,16.67,cube60_cluster0,11.9,cube51_cluster0,7.14
607259,FC,168,42,cube61_cluster0,12.5,30.95,41.07,12.5,3.3206083152843724,12.5,42,cube61_cluster0,12.5,cube60_cluster0,11.9,cube16_cluster0,6.55
607259,FF,66,36,cube60_cluster0,12.12,27.27,36.37,12.12,3.347607887141945,12.12,36,cube60_cluster0,12.12,cube61_cluster0,9.09,cube51_cluster0,6.06
607259,SI,114,33,cube61_cluster0,11.4,28.95,38.6,11.4,3.2388442240102284,11.4,33,cube61_cluster0,11.4,cube60_cluster0,10.53,cube68_cluster0,7.02
607259,SL,30,18,cube60_cluster0,13.33,30.0,43.34,13.33,2.7826723635758053,13.33,18,cube60_cluster0,13.33,cube51_cluster0,10.0,cube31_cluster0,6.67
607481,CU,16,14,cube60_cluster0,18.75,31.25,43.75,18.75,2.5665989181145106,18.75,14,cube60_cluster0,18.75,cube33_cluster1,6.25,cube61_cluster0,6.25
607481,FF,56,21,cube60_cluster0,12.5,33.93,48.21,12.5,2.8234759641735656,12.5,21,cube60_cluster0,12.5,cube61_cluster0,12.5,cube51_cluster0,8.93
607481,SI,40,26,cube61_cluster0,12.5,27.5,37.5,12.5,3.106468765751706,12.5,26,cube61_cluster0,12.5,cube67_cluster0,10.0,cube66_cluster0,5.0
607481,ST,48,21,cube51_cluster0,16.67,35.42,50.0,16.67,2.8148586120031864,16.67,21,cube51_cluster0,16.67,cube61_cluster0,10.42,cube10_cluster0,8.33
607625,CH,54,25,cube60_cluster0,9.26,25.93,38.900000000000006,9.26,3.070503771705155,9.26,25,cube60_cluster0,9.26,cube61_cluster0,9.26,cube16_cluster0,7.41
607625,CS,36,20,cube3_cluster1,11.11,27.769999999999996,41.66,11.11,2.8862187239507935,11.11,20,cube3_cluster1,11.11,cube68_cluster0,8.33,cube60_cluster0,8.33
607625,CU,102,35,cube60_cluster0,15.69,30.389999999999997,40.19,15.69,3.2257245423895373,15.69,35,cube60_cluster0,15.69,cube61_cluster0,8.82,cube62_cluster1,5.88
607625,FC,72,30,cube61_cluster0,15.28,34.72,48.61,15.28,3.037367495340926,15.28,30,cube61_cluster0,15.28,cube60_cluster0,11.11,cube17_cluster0,8.33
607625,FF,156,41,cube60_cluster0,10.26,25.64,34.620000000000005,10.26,3.416526671658569,10.26,41,cube60_cluster0,10.26,cube61_cluster0,8.97,cube51_cluster0,6.41
607625,SI,48,25,cube61_cluster0,10.42,27.08,39.58,10.42,3.0636468013896483,10.42,25,cube61_cluster0,10.42,cube60_cluster0,8.33,cube16_cluster0,8.33
607625,SL,18,14,cube67_cluster0,22.22,38.89,50.010000000000005,22.22,2.5062734700308735,22.22,14,cube67_cluster0,22.22,cube51_cluster0,11.11,cube66_cluster1,5.56
607625,SV,24,17,cube61_cluster0,12.5,33.33,49.989999999999995,12.5,2.7308365139480735,12.5,17,cube61_cluster0,12.5,cube67_cluster0,12.5,cube68_cluster0,8.33
608331,CH,72,30,cube60_cluster0,15.28,38.89,51.39,15.28,3.0098849984548544,15.28,30,cube60_cluster0,15.28,cube67_cluster0,12.5,cube61_cluster0,11.11
608331,CU,136,41,cube60_cluster0,14.71,34.56,44.120000000000005,14.71,3.294969206862013,14.71,41,cube60_cluster0,14.71,cube61_cluster0,11.03,cube67_cluster0,8.82
608331,FC,272,42,cube60_cluster0,12.5,30.150000000000002,41.54,12.5,3.320715911088557,12.5,42,cube60_cluster0,12.5,cube61_cluster0,11.03,cube67_cluster0,6.62
608331,FF,80,32,cube61_cluster0,16.25,36.25,45.0,16.25,3.0840374513510476,16.25,32,cube61_cluster0,16.25,cube60_cluster0,13.75,cube50_cluster0,6.25
608331,SI,112,37,cube60_cluster0,11.61,26.79,40.18,11.61,3.3018627373992198,11.61,37,cube60_cluster0,11.61,cube67_cluster0,8.04,cube66_cluster0,7.14
608331,SL,8,7,cube50_cluster0,25.0,50.0,75.0,25.0,1.9061547465398496,25.0,7,cube50_cluster0,25.0,cube17_cluster1,12.5,cube59_cluster1,12.5
608331,ST,104,33,cube61_cluster0,11.54,28.849999999999998,41.35,11.54,3.1820885251678566,11.54,33,cube61_cluster0,11.54,cube67_cluster0,9.62,cube50_cluster0,7.69
608371,FF,21,13,cube42_cluster0,14.29,38.099999999999994,57.139999999999986,14.29,2.4661796247709704,14.29,13,cube42_cluster0,14.29,cube60_cluster0,14.29,cube68_cluster0,9.52
608371,SI,7,7,cube18_cluster0,14.29,42.87,71.44999999999999,14.29,1.9461938771045295,14.29,7,cube18_cluster0,14.29,cube15_cluster1,14.29,cube62_cluster2,14.29
608371,ST,49,26,cube61_cluster0,12.24,32.64,46.919999999999995,12.24,3.006486173145408,12.24,26,cube61_cluster0,12.24,cube60_cluster0,12.24,cube51_cluster0,8.16
608717,CH,30,21,cube59_cluster0,10.0,23.340000000000003,36.68000000000001,10.0,2.9672252196530344,10.0,21,cube59_cluster0,10.0,cube60_cluster0,6.67,cube61_cluster1,6.67
608717,CU,18,13,cube60_cluster0,16.67,38.89,55.56,16.67,2.4769631178405356,16.67,13,cube60_cluster0,16.67,cube67_cluster0,11.11,cube62_cluster1,11.11
608717,FF,66,29,cube61_cluster0,12.12,27.27,39.39,12.12,3.128645774446463,12.12,29,cube61_cluster0,12.12,cube25_cluster0,9.09,cube66_cluster0,6.06
608717,SL,6,6,cube9_cluster0,16.67,50.010000000000005,83.35000000000001,16.67,1.7919178011232335,16.67,6,cube9_cluster0,16.67,cube50_cluster0,16.67,cube18_cluster0,16.67
608718,FF,18,15,cube68_cluster0,11.11,33.33,44.45,11.11,2.6602907735512935,11.11,15,cube68_cluster0,11.11,cube60_cluster0,11.11,cube50_cluster0,11.11
608718,SI,30,19,cube61_cluster0,13.33,36.66,50.0,13.33,2.782090596269284,13.33,19,cube61_cluster0,13.33,cube60_cluster0,13.33,cube62_cluster3,10.0
608718,SL,18,9,cube60_cluster0,33.33,66.66,77.78,33.33,1.908513032381305,33.33,9,cube60_cluster0,33.33,cube67_cluster0,22.22,cube59_cluster1,11.11
614179,FF,21,17,cube66_cluster0,14.29,33.33,42.849999999999994,14.29,2.754942086754318,14.29,17,cube66_cluster0,14.29,cube24_cluster0,9.52,cube60_cluster0,9.52
621053,CH,6,5,cube69_cluster0,33.33,66.67,100.01,33.33,1.560812674895181,33.33,5,cube69_cluster0,33.33,cube61_cluster0,16.67,cube50_cluster0,16.67
621053,FC,6,6,cube42_cluster0,16.67,50.010000000000005,83.35000000000001,16.67,1.7919178011232335,16.67,6,cube42_cluster0,16.67,cube59_cluster0,16.67,cube61_cluster0,16.67
621053,FF,18,12,cube67_cluster0,22.22,50.0,61.120000000000005,22.22,2.322945814320116,22.22,12,cube67_cluster0,22.22,cube3_cluster1,16.67,cube60_cluster0,11.11
621053,SI,12,10,cube61_cluster0,16.67,41.67,58.33,16.67,2.253514338452689,16.67,10,cube61_cluster0,16.67,cube50_cluster0,16.67,cube60_cluster0,8.33
621053,ST,24,15,cube67_cluster0,16.67,37.5,54.16,16.67,2.5791108444978947,16.67,15,cube67_cluster0,16.67,cube61_cluster0,12.5,cube51_cluster0,8.33
621111,CH,24,18,cube50_cluster0,12.5,29.159999999999997,45.81999999999999,12.5,2.810423869893609,12.5,18,cube50_cluster0,12.5,cube51_cluster0,8.33,cube66_cluster1,8.33
621111,FC,160,38,cube60_cluster0,11.25,27.489999999999995,41.85999999999999,11.25,3.270216936226923,11.25,38,cube60_cluster0,11.25,cube61_cluster0,8.12,cube66_cluster0,8.12
621111,FF,224,43,cube60_cluster0,12.05,29.02,38.84,12.05,3.370033961006334,12.05,43,cube60_cluster0,12.05,cube61_cluster0,10.27,cube67_cluster0,6.7
621111,KC,88,32,cube60_cluster0,10.23,25.0,35.23,10.23,3.2743686337063345,10.23,32,cube60_cluster0,10.23,cube61_cluster0,7.95,cube68_cluster0,6.82
621111,SI,48,22,cube61_cluster0,16.67,33.33,45.83,16.67,2.884994529010698,16.67,22,cube61_cluster0,16.67,cube66_cluster0,8.33,cube50_cluster0,8.33
621111,ST,120,36,cube67_cluster0,12.5,26.67,36.67,12.5,3.303849418309824,12.5,36,cube67_cluster0,12.5,cube61_cluster0,7.5,cube60_cluster0,6.67
621345,CH,24,17,cube67_cluster0,12.5,29.159999999999997,45.81999999999999,12.5,2.7524669243619337,12.5,17,cube67_cluster0,12.5,cube66_cluster0,8.33,cube60_cluster0,8.33
621345,FC,80,29,cube60_cluster0,13.75,35.0,45.0,13.75,3.0572362354908647,13.75,29,cube60_cluster0,13.75,cube61_cluster0,13.75,cube16_cluster0,7.5
621345,FF,48,20,cube67_cluster0,16.67,43.75,56.25,16.67,2.698779022889226,16.67,20,cube67_cluster0,16.67,cube60_cluster0,14.58,cube61_cluster0,12.5
621363,FF,84,33,cube60_cluster0,16.67,34.53,41.67,16.67,3.160305328224793,16.67,33,cube60_cluster0,16.67,cube61_cluster0,13.1,cube16_cluster0,4.76
621363,SL,35,22,cube67_cluster0,14.29,31.43,42.85,14.29,2.9299444801722365,14.29,22,cube67_cluster0,14.29,cube60_cluster0,11.43,cube59_cluster0,5.71
621381,CH,7,7,cube52_cluster0,14.29,42.87,71.44999999999999,14.29,1.9461938771045295,14.29,7,cube52_cluster0,14.29,cube62_cluster0,14.29,cube15_cluster1,14.29
621381,FC,14,13,cube68_cluster0,14.29,28.57,42.85,14.29,2.5395148053058554,14.29,13,cube68_cluster0,14.29,cube67_cluster0,7.14,cube51_cluster0,7.14
621381,FF,42,25,cube61_cluster0,14.29,30.95,42.849999999999994,14.29,3.026979727263005,14.29,25,cube61_cluster0,14.29,cube60_cluster0,9.52,cube59_cluster0,7.14
621381,SI,14,13,cube66_cluster0,14.29,28.57,42.85,14.29,2.5395148053058554,14.29,13,cube66_cluster0,14.29,cube17_cluster0,7.14,cube33_cluster0,7.14
621381,SL,35,23,cube60_cluster0,11.43,28.57,42.85,11.43,2.9964716077993017,11.43,23,cube60_cluster0,11.43,cube62_cluster1,8.57,cube61_cluster0,8.57
622379,CH,20,15,cube61_cluster0,20.0,40.0,50.0,20.0,2.5798439652180236,20.0,15,cube61_cluster0,20.0,cube60_cluster0,10.0,cube25_cluster0,10.0
622379,FF,91,30,cube61_cluster0,14.29,35.17,45.06,14.29,3.066207314073387,14.29,30,cube61_cluster0,14.29,cube60_cluster0,14.29,cube62_cluster1,6.59
622379,SI,5,5,cube62_cluster2,20.0,60.0,100.0,20.0,1.6094379124341005,20.0,5,cube62_cluster2,20.0,cube25_cluster1,20.0,cube51_cluster0,20.0
622379,ST,30,19,cube50_cluster0,10.0,30.0,46.67,10.0,2.822333131087833,10.0,19,cube50_cluster0,10.0,cube67_cluster0,10.0,cube66_cluster1,10.0
622554,CU,6,6,cube42_cluster0,16.67,50.010000000000005,83.35000000000001,16.67,1.7919178011232335,16.67,6,cube42_cluster0,16.67,cube69_cluster0,16.67,cube53_cluster0,16.67
622554,FF,48,19,cube61_cluster0,20.83,43.75,60.41,20.83,2.601562949273923,20.83,19,cube61_cluster0,20.83,cube60_cluster0,12.5,cube68_cluster0,10.42
622554,SI,30,16,cube60_cluster0,20.0,43.33,60.0,20.0,2.5451436110912917,20.0,16,cube60_cluster0,20.0,cube61_cluster0,13.33,cube66_cluster0,10.0
622554,ST,36,20,cube67_cluster0,11.11,33.33,49.989999999999995,11.11,2.8235961516076986,11.11,20,cube67_cluster0,11.11,cube60_cluster0,11.11,cube68_cluster0,11.11
623149,FF,70,28,cube60_cluster0,11.43,28.57,41.42,11.43,3.0946082156803056,11.43,28,cube60_cluster0,11.43,cube61_cluster0,10.0,cube62_cluster1,7.14
623149,ST,35,22,cube61_cluster0,14.29,34.29,45.71,14.29,2.9152063665388726,14.29,22,cube61_cluster0,14.29,cube60_cluster0,11.43,cube61_cluster2,8.57
623474,SI,12,10,cube43_cluster0,25.0,41.66,58.31999999999999,25.0,2.209808045618035,25.0,10,cube43_cluster0,25.0,cube60_cluster0,8.33,cube8_cluster1,8.33
623474,SL,42,25,cube61_cluster0,11.9,30.94,40.46,11.9,3.050144271925926,11.9,25,cube61_cluster0,11.9,cube60_cluster0,9.52,cube68_cluster0,9.52
628317,FF,35,19,cube60_cluster0,14.29,34.29,48.57,14.29,2.7809655739165287,14.29,19,cube60_cluster0,14.29,cube67_cluster0,11.43,cube59_cluster1,8.57
628317,FS,91,34,cube60_cluster0,12.09,28.57,40.65,12.09,3.221396423216884,12.09,34,cube60_cluster0,12.09,cube61_cluster0,9.89,cube68_cluster0,6.59
628317,SI,21,14,cube50_cluster0,14.29,38.099999999999994,57.139999999999986,14.29,2.5321672363602774,14.29,14,cube50_cluster0,14.29,cube59_cluster1,14.29,cube66_cluster0,9.52
628317,SL,14,10,cube60_cluster0,21.43,50.01,64.28999999999999,21.43,2.205359292879317,21.43,10,cube60_cluster0,21.43,cube66_cluster1,14.29,cube61_cluster0,14.29
628317,ST,77,29,cube60_cluster0,11.69,29.869999999999997,42.85,11.69,3.0907775524730257,11.69,29,cube60_cluster0,11.69,cube61_cluster0,10.39,cube67_cluster0,7.79
640451,FF,66,29,cube24_cluster0,9.09,22.73,33.339999999999996,9.09,3.2290566955378193,9.09,29,cube24_cluster0,9.09,cube60_cluster0,7.58,cube61_cluster0,6.06
640451,FS,36,21,cube61_cluster0,16.67,38.89,52.78,16.67,2.802208156747182,16.67,21,cube61_cluster0,16.67,cube60_cluster0,13.89,cube67_cluster0,8.33
640451,SL,12,8,cube60_cluster0,33.33,58.33,74.99,33.33,1.9070100778922727,33.33,8,cube60_cluster0,33.33,cube59_cluster0,16.67,cube62_cluster3,8.33
640462,FF,70,34,cube61_cluster0,12.86,28.57,37.15,12.86,3.2953537855904202,12.86,34,cube61_cluster0,12.86,cube60_cluster0,10.0,cube67_cluster0,5.71
640462,SI,14,10,cube60_cluster0,28.57,50.0,64.28,28.57,2.1436144345699066,28.57,10,cube60_cluster0,28.57,cube25_cluster0,14.29,cube62_cluster1,7.14
640462,SL,63,29,cube61_cluster0,12.7,31.74,42.849999999999994,12.7,3.124920126416488,12.7,29,cube61_cluster0,12.7,cube66_cluster0,9.52,cube60_cluster0,9.52
641302,CH,72,28,cube61_cluster0,12.5,33.33,44.45,12.5,3.061641487529989,12.5,28,cube61_cluster0,12.5,cube60_cluster0,12.5,cube50_cluster0,8.33
641302,FC,174,41,cube60_cluster0,16.09,35.629999999999995,44.81999999999999,16.09,3.209046966629101,16.09,41,cube60_cluster0,16.09,cube61_cluster0,11.49,cube50_cluster0,8.05
641302,FF,150,41,cube60_cluster0,16.0,25.340000000000003,33.34,16.0,3.3978940380173954,16.0,41,cube60_cluster0,16.0,cube50_cluster0,4.67,cube66_cluster0,4.67
641302,SI,72,30,cube61_cluster0,11.11,24.999999999999996,36.12,11.11,3.226093365250613,11.11,30,cube61_cluster0,11.11,cube60_cluster0,8.33,cube17_cluster0,5.56
641302,ST,30,18,cube60_cluster0,13.33,33.33,46.67,13.33,2.7650368488491894,13.33,18,cube60_cluster0,13.33,cube50_cluster0,10.0,cube59_cluster2,10.0
641793,FF,60,29,cube60_cluster0,10.0,25.0,35.0,10.0,3.2065561907990907,10.0,29,cube60_cluster0,10.0,cube66_cluster0,8.33,cube67_cluster0,6.67
641793,FS,114,35,cube61_cluster0,11.4,28.94,38.59,11.4,3.258123394878987,11.4,35,cube61_cluster0,11.4,cube60_cluster0,9.65,cube67_cluster0,7.89
641793,SI,96,32,cube61_cluster0,12.5,30.21,40.63,12.5,3.1535686295025345,12.5,32,cube61_cluster0,12.5,cube60_cluster0,12.5,cube17_cluster0,5.21
641793,SL,174,42,cube60_cluster0,9.77,25.29,36.21,9.77,3.438283066100251,9.77,42,cube60_cluster0,9.77,cube61_cluster0,8.05,cube67_cluster0,7.47
641793,ST,48,28,cube61_cluster0,10.42,29.17,41.67,10.42,3.1373190618025246,10.42,28,cube61_cluster0,10.42,cube60_cluster0,10.42,cube24_cluster0,8.33
641816,FC,60,26,cube50_cluster0,11.67,33.34,46.68000000000001,11.67,2.9886402873866076,11.67,26,cube50_cluster0,11.67,cube60_cluster0,11.67,cube62_cluster1,10.0
641816,FF,252,46,cube61_cluster0,11.11,29.36,42.06,11.11,3.362126289289104,11.11,46,cube61_cluster0,11.11,cube60_cluster0,9.92,cube67_cluster0,8.33
641816,FS,144,40,cube61_cluster0,11.81,23.61,33.33,11.81,3.396097038204099,11.81,40,cube61_cluster0,11.81,cube67_cluster0,6.94,cube62_cluster1,4.86
641816,SL,42,21,cube60_cluster0,21.43,38.089999999999996,49.989999999999995,21.43,2.7791631343646857,21.43,21,cube60_cluster0,21.43,cube59_cluster1,9.52,cube62_cluster1,7.14
641835,SI,232,41,cube60_cluster0,11.21,26.299999999999997,35.78,11.21,3.4128925901292497,11.21,41,cube60_cluster0,11.21,cube51_cluster0,7.76,cube61_cluster0,7.33
641835,SL,40,22,cube60_cluster0,15.0,37.5,50.0,15.0,2.859281000801381,15.0,22,cube60_cluster0,15.0,cube17_cluster0,12.5,cube68_cluster0,10.0
642048,CH,4,4,cube59_cluster0,25.0,75.0,100.0,25.0,1.3862943611198906,25.0,4,cube59_cluster0,25.0,cube25_cluster0,25.0,cube16_cluster0,25.0
642048,SI,24,13,cube61_cluster0,12.5,37.5,58.33,12.5,2.4557479109936526,12.5,13,cube61_cluster0,12.5,cube60_cluster0,12.5,cube50_cluster0,12.5
642048,SL,20,13,cube60_cluster0,25.0,50.0,60.0,25.0,2.316113923221488,25.0,13,cube60_cluster0,25.0,cube61_cluster0,20.0,cube67_cluster0,5.0
642048,ST,4,4,cube24_cluster0,25.0,75.0,100.0,25.0,1.3862943611198906,25.0,4,cube24_cluster0,25.0,cube52_cluster0,25.0,cube59_cluster0,25.0
642100,FF,16,15,cube67_cluster0,12.5,25.0,37.5,12.5,2.685945324669788,12.5,15,cube67_cluster0,12.5,cube59_cluster1,6.25,cube24_cluster0,6.25
642100,SI,24,17,cube60_cluster0,16.67,33.33,49.989999999999995,16.67,2.716655145975105,16.67,17,cube60_cluster0,16.67,cube68_cluster0,8.33,cube25_cluster0,8.33
642152,CH,24,15,cube60_cluster0,12.5,33.33,49.989999999999995,12.5,2.6149226228847224,12.5,15,cube60_cluster0,12.5,cube67_cluster0,12.5,cube68_cluster0,8.33
642152,FC,36,20,cube61_cluster0,19.44,41.66,52.78,19.44,2.74407668024996,19.44,20,cube61_cluster0,19.44,cube60_cluster0,11.11,cube67_cluster0,11.11
642152,FF,12,11,cube61_cluster0,16.67,33.33,49.989999999999995,16.67,2.368913472785053,16.67,11,cube61_cluster0,16.67,cube31_cluster0,8.33,cube66_cluster0,8.33
642152,SI,32,16,cube60_cluster0,15.62,37.5,56.260000000000005,15.62,2.601200222415951,15.62,16,cube60_cluster0,15.62,cube59_cluster0,12.5,cube62_cluster1,9.38
642152,ST,16,14,cube61_cluster0,12.5,31.25,43.75,12.5,2.599301927099795,12.5,14,cube61_cluster0,12.5,cube67_cluster0,12.5,cube59_cluster2,6.25
642207,CH,56,24,cube60_cluster0,14.29,30.36,41.08,14.29,2.985221570574162,14.29,24,cube60_cluster0,14.29,cube66_cluster0,8.93,cube61_cluster0,7.14
642207,FF,88,29,cube60_cluster0,10.23,28.41,42.050000000000004,10.23,3.1077487878816474,10.23,29,cube60_cluster0,10.23,cube61_cluster0,10.23,cube50_cluster0,7.95
642397,SI,84,33,cube68_cluster0,11.9,29.75,40.46,11.9,3.1928158856460005,11.9,33,cube68_cluster0,11.9,cube60_cluster0,11.9,cube50_cluster0,5.95
642397,SL,30,20,cube60_cluster0,16.67,30.010000000000005,43.35000000000001,16.67,2.855026070459263,16.67,20,cube60_cluster0,16.67,cube50_cluster0,6.67,cube61_cluster0,6.67
643511,SI,28,18,cube60_cluster0,21.43,42.85,53.56,21.43,2.6627172703001842,21.43,18,cube60_cluster0,21.43,cube18_cluster0,10.71,cube25_cluster0,10.71
643511,SL,8,7,cube60_cluster0,25.0,50.0,75.0,25.0,1.9061547465398496,25.0,7,cube60_cluster0,25.0,cube67_cluster0,12.5,cube10_cluster0,12.5
656234,SI,7,6,cube16_cluster1,28.57,57.15,85.72999999999999,28.57,1.748067149102356,28.57,6,cube16_cluster1,28.57,cube61_cluster0,14.29,cube67_cluster0,14.29
656234,ST,21,17,cube61_cluster0,23.81,33.33,42.849999999999994,23.81,2.660701853033419,23.81,17,cube61_cluster0,23.81,cube66_cluster0,4.76,cube16_cluster0,4.76
656427,CH,28,23,cube60_cluster0,14.29,28.57,35.71,14.29,3.034421892225656,14.29,23,cube60_cluster0,14.29,cube67_cluster0,7.14,cube25_cluster0,7.14
656427,FF,315,43,cube60_cluster0,11.75,27.939999999999998,40.32,11.75,3.3610019888258695,11.75,43,cube60_cluster0,11.75,cube61_cluster0,9.84,cube67_cluster0,6.35
656427,KC,126,34,cube60_cluster0,10.32,26.98,38.89,10.32,3.266924288723947,10.32,34,cube60_cluster0,10.32,cube61_cluster0,9.52,cube16_cluster0,7.14
656427,SL,196,43,cube61_cluster0,10.71,28.560000000000002,38.25,10.71,3.3750244128485116,10.71,43,cube61_cluster0,10.71,cube60_cluster0,10.71,cube67_cluster0,7.14
656605,CH,72,25,cube61_cluster0,11.11,29.159999999999997,44.42999999999999,11.11,3.0015301067749802,11.11,25,cube61_cluster0,11.11,cube60_cluster0,9.72,cube50_cluster0,8.33
656605,CU,64,31,cube61_cluster0,9.38,26.57,39.07,9.38,3.210375364827317,9.38,31,cube61_cluster0,9.38,cube50_cluster0,9.38,cube60_cluster0,7.81
656605,FF,312,44,cube60_cluster0,10.9,27.560000000000002,38.78000000000001,10.9,3.3868668345780306,10.9,44,cube60_cluster0,10.9,cube61_cluster0,8.65,cube67_cluster0,8.01
656605,SI,80,33,cube60_cluster0,13.75,36.25,48.75,13.75,3.0954758407676284,13.75,33,cube60_cluster0,13.75,cube61_cluster0,13.75,cube51_cluster0,8.75
656605,SL,152,42,cube61_cluster0,13.16,30.92,44.08,13.16,3.2705048132221823,13.16,42,cube61_cluster0,13.16,cube60_cluster0,9.21,cube68_cluster0,8.55
656605,ST,96,32,cube61_cluster0,13.54,32.29,42.71,13.54,3.173698052109103,13.54,32,cube61_cluster0,13.54,cube68_cluster0,10.42,cube60_cluster0,8.33
656730,FF,72,35,cube60_cluster0,8.33,22.21,33.33,8.33,3.3828343923986854,8.33,35,cube60_cluster0,8.33,cube61_cluster0,6.94,cube16_cluster0,6.94
656730,KC,30,16,cube60_cluster0,20.0,43.33,56.67,20.0,2.5627791258179076,20.0,16,cube60_cluster0,20.0,cube16_cluster0,13.33,cube62_cluster3,10.0
656731,CH,16,10,cube67_cluster0,25.0,50.0,68.75,25.0,2.166084939249829,25.0,10,cube67_cluster0,25.0,cube66_cluster1,12.5,cube16_cluster0,12.5
656731,CU,56,22,cube60_cluster0,12.5,26.78,39.28,12.5,2.9501497799388665,12.5,22,cube60_cluster0,12.5,cube67_cluster0,7.14,cube68_cluster0,7.14
656731,FF,232,39,cube60_cluster0,12.93,24.560000000000002,34.470000000000006,12.93,3.3739050368887735,12.93,39,cube60_cluster0,12.93,cube67_cluster0,6.03,cube61_cluster0,5.6
656731,SI,120,36,cube61_cluster0,10.0,26.659999999999997,37.489999999999995,10.0,3.234983568056321,10.0,36,cube61_cluster0,10.0,cube60_cluster0,8.33,cube50_cluster0,8.33
656731,SL,232,40,cube60_cluster0,12.5,31.04,40.52,12.5,3.3076079232671356,12.5,40,cube60_cluster0,12.5,cube61_cluster0,10.78,cube67_cluster0,7.76
657514,CH,32,19,cube61_cluster0,12.5,31.260000000000005,46.89000000000001,12.5,2.8090260398996834,12.5,19,cube61_cluster0,12.5,cube60_cluster0,9.38,cube25_cluster0,9.38
657514,CU,16,11,cube66_cluster0,18.75,43.75,62.5,18.75,2.3066687254045313,18.75,11,cube66_cluster0,18.75,cube41_cluster0,12.5,cube61_cluster0,12.5
657514,FC,32,19,cube60_cluster0,18.75,40.63,53.13,18.75,2.721999302997223,18.75,19,cube60_cluster0,18.75,cube67_cluster0,12.5,cube66_cluster0,9.38
657514,SI,16,10,cube67_cluster0,18.75,50.0,68.75,18.75,2.1873223188492537,18.75,10,cube67_cluster0,18.75,cube59_cluster1,18.75,cube66_cluster0,12.5
657585,FC,24,15,cube60_cluster0,20.83,41.66,58.31999999999999,20.83,2.532699351481279,20.83,15,cube60_cluster0,20.83,cube67_cluster0,12.5,cube59_cluster1,8.33
657585,FS,32,21,cube61_cluster0,18.75,34.38,46.88,18.75,2.8517177457192324,18.75,21,cube61_cluster0,18.75,cube60_cluster0,9.38,cube66_cluster0,6.25
657585,ST,8,8,cube52_cluster0,12.5,37.5,62.5,12.5,2.0794415416798357,12.5,8,cube52_cluster0,12.5,cube9_cluster0,12.5,cube24_cluster0,12.5
660825,FF,36,24,cube60_cluster0,16.67,27.79,38.910000000000004,16.67,3.016867945590088,16.67,24,cube60_cluster0,16.67,cube52_cluster0,5.56,cube42_cluster0,5.56
660825,SI,24,17,cube60_cluster0,20.83,41.66,50.0,20.83,2.64861324254463,20.83,17,cube60_cluster0,20.83,cube50_cluster0,12.5,cube51_cluster0,8.33
660825,ST,52,28,cube60_cluster0,13.46,28.849999999999998,38.47,13.46,3.1408542126916927,13.46,28,cube60_cluster0,13.46,cube61_cluster0,9.62,cube51_cluster0,5.77
661403,FC,105,38,cube60_cluster0,13.33,27.61,37.129999999999995,13.33,3.3492038478133583,13.33,38,cube60_cluster0,13.33,cube61_cluster0,8.57,cube50_cluster0,5.71
661403,SI,6,4,cube9_cluster0,33.33,83.33,100.0,33.33,1.3297075486671286,33.33,4,cube9_cluster0,33.33,cube1_cluster0,33.33,cube68_cluster0,16.67
661403,SL,46,22,cube60_cluster0,13.04,34.78,47.81999999999999,13.04,2.873962943608708,13.04,22,cube60_cluster0,13.04,cube59_cluster0,13.04,cube66_cluster1,8.7
662253,FF,32,17,cube67_cluster0,15.62,43.739999999999995,59.37,15.62,2.598487562459061,15.62,17,cube67_cluster0,15.62,cube61_cluster0,15.62,cube60_cluster0,12.5
662253,SI,4,4,cube10_cluster0,25.0,75.0,100.0,25.0,1.3862943611198906,25.0,4,cube10_cluster0,25.0,cube16_cluster0,25.0,cube52_cluster0,25.0
662253,SL,36,22,cube61_cluster0,13.89,30.549999999999997,44.44,13.89,2.9323020601491767,13.89,22,cube61_cluster0,13.89,cube16_cluster0,8.33,cube50_cluster0,8.33
663372,CH,84,36,cube66_cluster0,7.14,19.04,28.559999999999995,7.14,3.412753621072711,7.14,36,cube66_cluster0,7.14,cube51_cluster0,5.95,cube60_cluster0,5.95
663372,CU,36,23,cube16_cluster0,11.11,22.229999999999997,33.349999999999994,11.11,3.045919980877084,11.11,23,cube16_cluster0,11.11,cube59_cluster1,5.56,cube50_cluster0,5.56
663372,FF,132,39,cube60_cluster0,9.09,25.0,35.61,9.09,3.393702567355927,9.09,39,cube60_cluster0,9.09,cube61_cluster0,8.33,cube16_cluster0,7.58
663372,SI,78,31,cube60_cluster0,11.54,26.92,38.46,11.54,3.209650486404264,11.54,31,cube60_cluster0,11.54,cube51_cluster0,7.69,cube68_cluster0,7.69
663372,SL,90,33,cube60_cluster0,13.33,31.11,43.34,13.33,3.168182453226743,13.33,33,cube60_cluster0,13.33,cube61_cluster0,11.11,cube66_cluster0,6.67
663372,ST,120,41,cube61_cluster0,8.33,21.66,33.32,8.33,3.4427878370402327,8.33,41,cube61_cluster0,8.33,cube60_cluster0,7.5,cube51_cluster0,5.83
663423,CU,12,10,cube61_cluster0,25.0,41.66,58.31999999999999,25.0,2.209808045618035,25.0,10,cube61_cluster0,25.0,cube66_cluster1,8.33,cube61_cluster2,8.33
663423,FC,24,18,cube60_cluster0,16.67,37.5,45.84,16.67,2.752981681092921,16.67,18,cube60_cluster0,16.67,cube61_cluster0,12.5,cube62_cluster1,8.33
663423,FF,16,14,cube68_cluster0,12.5,31.25,43.75,12.5,2.599301927099795,12.5,14,cube68_cluster0,12.5,cube60_cluster0,12.5,cube18_cluster0,6.25
663423,SI,4,4,cube62_cluster1,25.0,75.0,100.0,25.0,1.3862943611198906,25.0,4,cube62_cluster1,25.0,cube50_cluster0,25.0,cube59_cluster0,25.0
663423,ST,8,7,cube60_cluster0,25.0,50.0,75.0,25.0,1.9061547465398496,25.0,7,cube60_cluster0,25.0,cube41_cluster0,12.5,cube25_cluster0,12.5
663542,FF,42,26,cube61_cluster0,16.67,35.71,45.23,16.67,3.010525773372519,16.67,26,cube61_cluster0,16.67,cube50_cluster0,11.9,cube68_cluster0,7.14
663542,SI,12,10,cube52_cluster0,16.67,41.67,58.33,16.67,2.253514338452689,16.67,10,cube52_cluster0,16.67,cube66_cluster0,16.67,cube68_cluster0,8.33
663542,ST,6,5,cube25_cluster1,33.33,66.67,100.01,33.33,1.560812674895181,33.33,5,cube25_cluster1,33.33,cube60_cluster0,16.67,cube16_cluster0,16.67
663574,FF,42,22,cube61_cluster0,14.29,40.48,54.76,14.29,2.802557405905766,14.29,22,cube61_cluster0,14.29,cube60_cluster0,14.29,cube67_cluster0,11.9
663574,SL,24,14,cube61_cluster0,16.67,41.67,58.33,16.67,2.4995234885523594,16.67,14,cube61_cluster0,16.67,cube68_cluster0,12.5,cube60_cluster0,12.5
663574,SV,6,5,cube43_cluster0,33.33,66.67,100.01,33.33,1.560812674895181,33.33,5,cube43_cluster0,33.33,cube25_cluster0,16.67,cube42_cluster0,16.67
663623,CH,77,32,cube67_cluster0,9.09,25.97,38.95,9.09,3.2228824190504497,9.09,32,cube67_cluster0,9.09,cube50_cluster0,9.09,cube60_cluster0,7.79
663623,CU,237,43,cube60_cluster0,10.13,24.9,35.019999999999996,10.13,3.429682133600156,10.13,43,cube60_cluster0,10.13,cube61_cluster0,9.28,cube62_cluster1,5.49
663623,FC,7,6,cube68_cluster0,28.57,57.15,85.72999999999999,28.57,1.748067149102356,28.57,6,cube68_cluster0,28.57,cube42_cluster0,14.29,cube24_cluster0,14.29
663623,FF,189,42,cube59_cluster0,7.41,20.11,30.689999999999998,7.41,3.466026076658792,7.41,42,cube59_cluster0,7.41,cube61_cluster0,7.41,cube50_cluster0,5.29
663623,SI,91,31,cube61_cluster0,14.29,31.869999999999997,40.669999999999995,14.29,3.146742697071864,14.29,31,cube61_cluster0,14.29,cube50_cluster0,12.09,cube60_cluster0,5.49
663947,CH,28,15,cube61_cluster0,14.29,35.71,53.56,14.29,2.582456346492633,14.29,15,cube61_cluster0,14.29,cube62_cluster1,10.71,cube50_cluster0,10.71
663947,FC,56,29,cube42_cluster0,8.93,25.0,37.5,8.93,3.1918832919975753,8.93,29,cube42_cluster0,8.93,cube61_cluster0,8.93,cube25_cluster0,7.14
663947,FF,28,20,cube60_cluster0,10.71,28.560000000000002,42.84,10.71,2.897985961359835,10.71,20,cube60_cluster0,10.71,cube50_cluster0,10.71,cube41_cluster0,7.14
664875,SI,88,32,cube60_cluster0,11.36,23.86,35.22,11.36,3.2327279459763933,11.36,32,cube60_cluster0,11.36,cube61_cluster0,6.82,cube67_cluster0,5.68
664875,ST,48,23,cube61_cluster0,12.5,31.25,47.91,12.5,2.9079045449824896,12.5,23,cube61_cluster0,12.5,cube67_cluster0,10.42,cube17_cluster0,8.33
665152,CU,72,31,cube60_cluster0,15.28,30.55,38.89,15.28,3.1833895439900384,15.28,31,cube60_cluster0,15.28,cube67_cluster0,8.33,cube66_cluster0,6.94
665152,FC,138,41,cube60_cluster0,14.49,33.33,43.48,14.49,3.2570237122794414,14.49,41,cube60_cluster0,14.49,cube61_cluster0,11.59,cube68_cluster0,7.25
665152,FF,156,39,cube60_cluster0,10.26,22.44,32.7,10.26,3.3908890743093036,10.26,39,cube60_cluster0,10.26,cube61_cluster0,6.41,cube52_cluster0,5.77
665152,FS,108,36,cube60_cluster0,11.11,29.63,41.67,11.11,3.2226206652041034,11.11,36,cube60_cluster0,11.11,cube61_cluster0,11.11,cube50_cluster0,7.41
665152,SI,54,31,cube61_cluster0,7.41,20.38,31.499999999999996,7.41,3.3071898494164547,7.41,31,cube61_cluster0,7.41,cube60_cluster0,7.41,cube25_cluster0,5.56
666171,FC,16,13,cube68_cluster0,12.5,37.5,50.0,12.5,2.512658529529802,12.5,13,cube68_cluster0,12.5,cube61_cluster0,12.5,cube60_cluster0,12.5
666171,FF,20,14,cube60_cluster0,20.0,40.0,55.0,20.0,2.510529247162029,20.0,14,cube60_cluster0,20.0,cube62_cluster0,10.0,cube61_cluster1,10.0
666171,SL,4,4,cube60_cluster0,25.0,75.0,100.0,25.0,1.3862943611198906,25.0,4,cube60_cluster0,25.0,cube24_cluster0,25.0,cube68_cluster0,25.0
666200,CH,140,37,cube60_cluster0,10.71,27.85,39.99,10.71,3.2608288662026497,10.71,37,cube60_cluster0,10.71,cube61_cluster0,10.71,cube32_cluster0,6.43
666200,FF,231,41,cube61_cluster0,11.26,26.84,38.53,11.26,3.365615624559251,11.26,41,cube61_cluster0,11.26,cube60_cluster0,9.52,cube67_cluster0,6.06
666200,SI,49,24,cube61_cluster0,14.29,34.699999999999996,46.93999999999999,14.29,2.924758430344481,14.29,24,cube61_cluster0,14.29,cube60_cluster0,14.29,cube62_cluster1,6.12
666200,SL,77,31,cube61_cluster0,14.29,29.869999999999997,38.959999999999994,14.29,3.187750082008503,14.29,31,cube61_cluster0,14.29,cube60_cluster0,9.09,cube17_cluster0,6.49
666200,ST,168,35,cube60_cluster0,13.1,33.33,46.42999999999999,13.1,3.1337725207336056,13.1,35,cube60_cluster0,13.1,cube61_cluster0,10.71,cube59_cluster0,9.52
666214,CH,8,7,cube60_cluster0,25.0,50.0,75.0,25.0,1.9061547465398496,25.0,7,cube60_cluster0,25.0,cube61_cluster0,12.5,cube59_cluster1,12.5
666214,CU,24,19,cube60_cluster0,12.5,29.159999999999997,41.66,12.5,2.868380815425284,12.5,19,cube60_cluster0,12.5,cube50_cluster0,8.33,cube17_cluster0,8.33
666214,FC,152,39,cube61_cluster0,10.53,28.299999999999997,40.14,10.53,3.3028304178184347,10.53,39,cube61_cluster0,10.53,cube60_cluster0,10.53,cube51_cluster0,7.24
666214,FF,184,44,cube60_cluster0,10.33,24.46,35.87,10.33,3.454680080776781,10.33,44,cube60_cluster0,10.33,cube51_cluster0,7.61,cube61_cluster0,6.52
666277,CH,32,21,cube67_cluster0,18.75,40.63,50.0,18.75,2.808149393301255,18.75,21,cube67_cluster0,18.75,cube60_cluster0,12.5,cube17_cluster0,9.38
666277,FF,24,18,cube61_cluster0,20.83,37.489999999999995,45.83,20.83,2.728200598490165,20.83,18,cube61_cluster0,20.83,cube2_cluster0,8.33,cube60_cluster0,8.33
666277,SI,16,12,cube52_cluster0,12.5,37.5,56.25,12.5,2.4260151319598084,12.5,12,cube52_cluster0,12.5,cube32_cluster0,12.5,cube16_cluster0,12.5
666277,SL,56,25,cube60_cluster0,12.5,32.14,44.64,12.5,2.9897540125710176,12.5,25,cube60_cluster0,12.5,cube61_cluster0,10.71,cube51_cluster0,8.93
666619,SI,16,12,cube61_cluster0,25.0,43.75,56.25,25.0,2.3393717343898155,25.0,12,cube61_cluster0,25.0,cube60_cluster0,12.5,cube50_cluster0,6.25
666619,SL,64,31,cube51_cluster0,10.94,28.13,39.06999999999999,10.94,3.1924955848751915,10.94,31,cube51_cluster0,10.94,cube60_cluster0,10.94,cube62_cluster1,6.25
666808,FC,28,18,cube60_cluster0,14.29,32.14,46.42,14.29,2.7682883900333617,14.29,18,cube60_cluster0,14.29,cube51_cluster0,10.71,cube59_cluster1,7.14
666808,SL,68,30,cube61_cluster0,11.76,29.4,41.160000000000004,11.76,3.1352980144236673,11.76,30,cube61_cluster0,11.76,cube67_cluster0,10.29,cube60_cluster0,7.35
667463,CH,32,21,cube60_cluster0,12.5,31.260000000000005,46.89000000000001,12.5,2.895176130203715,12.5,21,cube60_cluster0,12.5,cube67_cluster0,9.38,cube68_cluster0,9.38
667463,SI,176,41,cube60_cluster0,10.8,25.57,37.5,10.8,3.379023953737236,10.8,41,cube60_cluster0,10.8,cube68_cluster0,7.95,cube61_cluster0,6.82
667463,SL,8,8,cube66_cluster0,12.5,37.5,62.5,12.5,2.0794415416798357,12.5,8,cube66_cluster0,12.5,cube62_cluster3,12.5,cube62_cluster1,12.5
667755,FF,12,10,cube43_cluster0,16.67,41.67,58.33,16.67,2.253514338452689,16.67,10,cube43_cluster0,16.67,cube10_cluster0,16.67,cube31_cluster0,8.33
667755,FS,44,25,cube60_cluster0,13.64,31.82,43.19,13.64,3.017602782646551,13.64,25,cube60_cluster0,13.64,cube67_cluster0,11.36,cube62_cluster0,6.82
667755,KC,56,26,cube60_cluster0,28.57,41.07,51.79,28.57,2.8109270874453647,28.57,26,cube60_cluster0,28.57,cube50_cluster0,7.14,cube16_cluster0,5.36
667755,SI,192,43,cube60_cluster0,10.42,25.0,34.9,10.42,3.4446570554699854,10.42,43,cube60_cluster0,10.42,cube67_cluster0,8.33,cube16_cluster0,6.25
667755,SL,56,26,cube60_cluster0,8.93,23.21,33.93,8.93,3.124506672531349,8.93,26,cube60_cluster0,8.93,cube61_cluster0,7.14,cube50_cluster0,7.14
668674,CH,18,10,cube60_cluster0,22.22,50.0,72.22,22.22,2.168550506429124,22.22,10,cube60_cluster0,22.22,cube62_cluster1,16.67,cube62_cluster0,11.11
668674,FF,24,14,cube51_cluster0,16.67,41.67,58.33,16.67,2.48534212057939,16.67,14,cube51_cluster0,16.67,cube16_cluster0,16.67,cube9_cluster0,8.33
668674,SL,6,5,cube67_cluster0,33.33,66.67,100.01,33.33,1.560812674895181,33.33,5,cube67_cluster0,33.33,cube17_cluster1,16.67,cube52_cluster0,16.67
668716,FC,14,10,cube60_cluster0,28.57,50.0,64.28,28.57,2.1436144345699066,28.57,10,cube60_cluster0,28.57,cube66_cluster0,14.29,cube25_cluster0,7.14
668716,SI,105,41,cube60_cluster0,18.1,33.34,41.910000000000004,18.1,3.307313928013003,18.1,41,cube60_cluster0,18.1,cube67_cluster0,7.62,cube61_cluster0,7.62
668716,ST,42,22,cube61_cluster0,14.29,38.089999999999996,49.989999999999995,14.29,2.854349644693206,14.29,22,cube61_cluster0,14.29,cube60_cluster0,11.9,cube50_cluster0,11.9
668820,CU,24,18,cube59_cluster1,8.33,24.990000000000002,41.65,8.33,2.832054280307468,8.33,18,cube59_cluster1,8.33,cube50_cluster0,8.33,cube61_cluster0,8.33
668820,FF,104,31,cube60_cluster0,16.35,33.66,41.36,16.35,3.129784121822561,16.35,31,cube60_cluster0,16.35,cube67_cluster0,9.62,cube68_cluster0,7.69
668820,SL,72,30,cube61_cluster0,13.89,31.939999999999998,43.06,13.89,3.1212455801509917,13.89,30,cube61_cluster0,13.89,cube67_cluster0,9.72,cube68_cluster0,8.33
668820,ST,40,20,cube66_cluster0,12.5,35.0,50.0,12.5,2.809811901453221,12.5,20,cube66_cluster0,12.5,cube61_cluster0,12.5,cube16_cluster0,10.0
668909,CU,20,13,cube61_cluster0,15.0,35.0,55.0,15.0,2.4843668399738017,15.0,13,cube61_cluster0,15.0,cube43_cluster0,10.0,cube25_cluster0,10.0
668909,FF,172,39,cube60_cluster0,17.44,32.550000000000004,43.59,17.44,3.174866774258723,17.44,39,cube60_cluster0,17.44,cube61_cluster0,9.3,cube66_cluster0,5.81
668909,SI,16,13,cube50_cluster0,12.5,37.5,50.0,12.5,2.512658529529802,12.5,13,cube50_cluster0,12.5,cube61_cluster0,12.5,cube59_cluster2,12.5
668909,ST,92,39,cube60_cluster0,11.96,25.0,35.86,11.96,3.3755615063930327,11.96,39,cube60_cluster0,11.96,cube61_cluster0,7.61,cube50_cluster0,5.43
668933,FC,18,13,cube60_cluster0,22.22,44.44,55.56,22.22,2.429075816085378,22.22,13,cube60_cluster0,22.22,cube61_cluster0,11.11,cube16_cluster0,11.11
669060,CH,119,36,cube67_cluster0,13.45,28.57,38.650000000000006,13.45,3.27800426750205,13.45,36,cube67_cluster0,13.45,cube60_cluster0,8.4,cube61_cluster0,6.72
669060,CU,77,30,cube60_cluster0,14.29,27.270000000000003,38.95,14.29,3.1323674502056296,14.29,30,cube60_cluster0,14.29,cube59_cluster0,6.49,cube50_cluster0,6.49
669060,FC,84,34,cube61_cluster0,11.9,26.18,38.08,11.9,3.2745517449832997,11.9,34,cube61_cluster0,11.9,cube60_cluster0,7.14,cube67_cluster0,7.14
669060,FF,105,33,cube61_cluster0,15.24,36.19,47.61,15.24,3.079318392358154,15.24,33,cube61_cluster0,15.24,cube60_cluster0,13.33,cube50_cluster0,7.62
669060,SI,63,25,cube61_cluster0,14.29,39.69,53.98,14.29,2.863296480133718,14.29,25,cube61_cluster0,14.29,cube50_cluster0,12.7,cube60_cluster0,12.7
669062,CH,36,18,cube60_cluster0,19.44,41.66,58.31999999999999,19.44,2.6305784469892823,19.44,18,cube60_cluster0,19.44,cube61_cluster0,13.89,cube67_cluster0,8.33
669062,FF,24,18,cube61_cluster0,16.67,33.33,45.83,16.67,2.7746120915067802,16.67,18,cube61_cluster0,16.67,cube67_cluster0,8.33,cube59_cluster0,8.33
669062,SI,16,9,cube61_cluster0,25.0,56.25,75.0,25.0,2.0467385326945515,25.0,9,cube61_cluster0,25.0,cube67_cluster0,18.75,cube50_cluster0,12.5
669711,CH,16,10,cube61_cluster0,18.75,50.0,68.75,18.75,2.1873223188492537,18.75,10,cube61_cluster0,18.75,cube60_cluster0,18.75,cube51_cluster0,12.5
669711,FF,56,22,cube61_cluster0,14.29,37.5,53.57,14.29,2.819163058125211,14.29,22,cube61_cluster0,14.29,cube60_cluster0,12.5,cube16_cluster0,10.71
669711,SI,40,24,cube60_cluster0,15.0,30.0,40.0,15.0,3.012722177233533,15.0,24,cube60_cluster0,15.0,cube67_cluster0,7.5,cube61_cluster0,7.5
669711,SL,16,13,cube42_cluster0,12.5,37.5,50.0,12.5,2.512658529529802,12.5,13,cube42_cluster0,12.5,cube25_cluster0,12.5,cube60_cluster0,12.5
669711,ST,8,8,cube66_cluster0,12.5,37.5,62.5,12.5,2.0794415416798357,12.5,8,cube66_cluster0,12.5,cube51_cluster0,12.5,cube25_cluster0,12.5
671922,FF,55,23,cube60_cluster0,16.36,36.36,50.89999999999999,16.36,2.849506896426124,16.36,23,cube60_cluster0,16.36,cube67_cluster0,10.91,cube50_cluster0,9.09
671922,ST,18,16,cube61_cluster0,11.11,27.779999999999998,38.9,11.11,2.7374884274967894,11.11,16,cube61_cluster0,11.11,cube17_cluster0,11.11,cube60_cluster0,5.56
672282,CU,12,11,cube68_cluster0,16.67,33.33,49.989999999999995,16.67,2.368913472785053,16.67,11,cube68_cluster0,16.67,cube32_cluster0,8.33,cube62_cluster3,8.33
672282,FF,36,19,cube16_cluster0,13.89,30.549999999999997,44.44,13.89,2.8166851104317776,13.89,19,cube16_cluster0,13.89,cube24_cluster0,8.33,cube60_cluster0,8.33
672282,SL,12,10,cube66_cluster0,16.67,41.67,58.33,16.67,2.253514338452689,16.67,10,cube66_cluster0,16.67,cube60_cluster0,16.67,cube53_cluster0,8.33
672335,FC,6,5,cube60_cluster0,33.33,66.67,100.01,33.33,1.560812674895181,33.33,5,cube60_cluster0,33.33,cube51_cluster0,16.67,cube41_cluster0,16.67
672335,FF,48,27,cube60_cluster0,10.42,27.08,39.58,10.42,3.132022869287613,10.42,27,cube60_cluster0,10.42,cube61_cluster0,8.33,cube25_cluster0,8.33
672335,SI,102,39,cube60_cluster0,15.69,31.37,43.13,15.69,3.264773916532712,15.69,39,cube60_cluster0,15.69,cube61_cluster0,7.84,cube67_cluster0,7.84
672335,SL,24,19,cube61_cluster0,12.5,29.159999999999997,41.66,12.5,2.868380815425284,12.5,19,cube61_cluster0,12.5,cube62_cluster1,8.33,cube66_cluster0,8.33
672335,SV,42,25,cube51_cluster0,11.9,30.94,42.839999999999996,11.9,3.0316773834709965,11.9,25,cube51_cluster0,11.9,cube61_cluster0,11.9,cube60_cluster0,7.14
672841,FC,4,4,cube60_cluster0,25.0,75.0,100.0,25.0,1.3862943611198906,25.0,4,cube60_cluster0,25.0,cube62_cluster3,25.0,cube15_cluster0,25.0
672841,SI,44,24,cube60_cluster0,13.64,29.55,43.190000000000005,13.64,2.9997738686300797,13.64,24,cube60_cluster0,13.64,cube61_cluster0,9.09,cube66_cluster0,6.82
672841,SL,28,20,cube50_cluster0,7.14,21.419999999999998,35.699999999999996,7.14,2.9353458788246236,7.14,20,cube50_cluster0,7.14,cube16_cluster0,7.14,cube51_cluster0,7.14
673513,FF,72,32,cube61_cluster0,12.5,30.549999999999997,40.28,12.5,3.2122337058394703,12.5,32,cube61_cluster0,12.5,cube60_cluster0,9.72,cube59_cluster0,8.33
673513,FS,48,23,cube60_cluster0,25.0,45.83,58.33,25.0,2.713955022856911,25.0,23,cube60_cluster0,25.0,cube61_cluster0,12.5,cube51_cluster0,8.33
673513,SL,24,17,cube60_cluster0,20.83,41.66,50.0,20.83,2.64861324254463,20.83,17,cube60_cluster0,20.83,cube24_cluster0,12.5,cube61_cluster0,8.33
673513,ST,8,7,cube59_cluster1,25.0,50.0,75.0,25.0,1.9061547465398496,25.0,7,cube59_cluster1,25.0,cube2_cluster0,12.5,cube69_cluster0,12.5
674285,FF,14,14,cube66_cluster0,7.14,21.419999999999998,35.699999999999996,7.14,2.638401626672743,7.14,14,cube66_cluster0,7.14,cube52_cluster0,7.14,cube67_cluster0,7.14
674285,SI,7,6,cube50_cluster0,28.57,57.15,85.72999999999999,28.57,1.748067149102356,28.57,6,cube50_cluster0,28.57,cube62_cluster3,14.29,cube9_cluster0,14.29
674285,SL,42,22,cube16_cluster0,14.29,35.709999999999994,45.22999999999999,14.29,2.8933570331211924,14.29,22,cube16_cluster0,14.29,cube61_cluster0,11.9,cube60_cluster0,9.52
674370,CH,12,11,cube59_cluster0,16.67,33.33,49.989999999999995,16.67,2.368913472785053,16.67,11,cube59_cluster0,16.67,cube50_cluster0,8.33,cube62_cluster1,8.33
674370,FC,30,21,cube61_cluster0,20.0,36.67,46.67,20.0,2.8393175262804906,20.0,21,cube61_cluster0,20.0,cube60_cluster0,10.0,cube68_cluster0,6.67
674370,FF,306,46,cube60_cluster0,11.11,30.39,40.19,11.11,3.402714551145372,11.11,46,cube60_cluster0,11.11,cube61_cluster0,10.46,cube67_cluster0,8.82
674370,PO,6,6,cube66_cluster1,16.67,50.010000000000005,83.35000000000001,16.67,1.7919178011232335,16.67,6,cube66_cluster1,16.67,cube60_cluster0,16.67,cube61_cluster0,16.67
674370,SL,168,44,cube60_cluster0,13.1,27.39,34.53,13.1,3.4634996297620404,13.1,44,cube60_cluster0,13.1,cube61_cluster0,10.12,cube67_cluster0,4.17
676092,FC,28,16,cube61_cluster0,14.29,39.29,57.14,14.29,2.6012309012420993,14.29,16,cube61_cluster0,14.29,cube60_cluster0,14.29,cube42_cluster0,10.71
676092,FF,67,29,cube60_cluster0,16.42,32.84,44.78,16.42,3.058827903318365,16.42,29,cube60_cluster0,16.42,cube61_cluster0,10.45,cube16_cluster0,5.97
676092,ST,76,26,cube60_cluster0,17.11,34.21,47.37,17.11,2.9556328563986836,17.11,26,cube60_cluster0,17.11,cube61_cluster0,9.21,cube67_cluster0,7.89
676254,SI,44,26,cube61_cluster0,9.09,22.73,34.1,9.09,3.1498336257386965,9.09,26,cube61_cluster0,9.09,cube66_cluster0,6.82,cube50_cluster0,6.82
676254,SL,36,22,cube60_cluster0,13.89,30.56,41.68,13.89,2.9377276966517054,13.89,22,cube60_cluster0,13.89,cube61_cluster0,11.11,cube32_cluster0,5.56
676395,CH,12,9,cube67_cluster0,16.67,50.010000000000005,66.67,16.67,2.138115204120325,16.67,9,cube67_cluster0,16.67,cube66_cluster0,16.67,cube62_cluster2,16.67
676395,FF,18,11,cube42_cluster0,16.67,44.45,66.67,16.67,2.2936354621297776,16.67,11,cube42_cluster0,16.67,cube67_cluster0,16.67,cube68_cluster0,11.11
676395,SL,42,22,cube67_cluster0,11.9,33.32,52.36,11.9,2.8586211603462686,11.9,22,cube67_cluster0,11.9,cube50_cluster0,11.9,cube60_cluster0,9.52
676684,FF,91,31,cube60_cluster0,15.38,34.06,45.040000000000006,15.38,3.1158244326527798,15.38,31,cube60_cluster0,15.38,cube61_cluster0,9.89,cube68_cluster0,8.79
676684,SI,7,5,cube60_cluster0,42.86,71.44,100.01999999999998,42.86,1.4752340774978983,42.86,5,cube60_cluster0,42.86,cube61_cluster0,14.29,cube68_cluster0,14.29
676684,SL,28,20,cube60_cluster0,14.29,32.14,46.42,14.29,2.8672698074173217,14.29,20,cube60_cluster0,14.29,cube52_cluster0,10.71,cube66_cluster0,7.14
676974,CH,176,40,cube60_cluster0,13.07,30.68,41.48,13.07,3.3102403691045184,13.07,40,cube60_cluster0,13.07,cube61_cluster0,9.66,cube66_cluster0,7.95
676974,FF,184,41,cube60_cluster0,14.13,33.7,45.11,14.13,3.2432180908023107,14.13,41,cube60_cluster0,14.13,cube67_cluster0,10.33,cube61_cluster0,9.24
676974,SI,48,26,cube61_cluster0,10.42,25.0,37.5,10.42,3.1104618336158336,10.42,26,cube61_cluster0,10.42,cube66_cluster1,8.33,cube43_cluster0,6.25
676974,SL,232,43,cube60_cluster0,10.78,27.159999999999997,35.78,10.78,3.4402406752942234,10.78,43,cube60_cluster0,10.78,cube61_cluster0,9.91,cube67_cluster0,6.47
676974,ST,96,29,cube61_cluster0,15.62,36.449999999999996,48.949999999999996,15.62,2.9960388896656367,15.62,29,cube61_cluster0,15.62,cube60_cluster0,12.5,cube67_cluster0,8.33
677161,CH,8,7,cube61_cluster0,25.0,50.0,75.0,25.0,1.9061547465398496,25.0,7,cube61_cluster0,25.0,cube24_cluster0,12.5,cube60_cluster0,12.5
677161,FC,80,29,cube60_cluster0,12.5,31.25,46.25,12.5,3.0550705212876306,12.5,29,cube60_cluster0,12.5,cube51_cluster0,10.0,cube67_cluster0,8.75
677161,FF,56,26,cube61_cluster0,12.5,26.78,37.5,12.5,3.083876285525423,12.5,26,cube61_cluster0,12.5,cube42_cluster0,7.14,cube50_cluster0,7.14
677161,SI,8,6,cube67_cluster0,25.0,62.5,87.5,25.0,1.7328679513998633,25.0,6,cube67_cluster0,25.0,cube50_cluster0,25.0,cube1_cluster1,12.5
677161,ST,24,17,cube60_cluster0,16.67,33.33,49.989999999999995,16.67,2.716655145975105,16.67,17,cube60_cluster0,16.67,cube61_cluster0,8.33,cube69_cluster0,8.33
678020,FF,35,17,cube60_cluster0,20.0,42.86,60.0,20.0,2.5750776112073006,20.0,17,cube60_cluster0,20.0,cube50_cluster0,14.29,cube68_cluster0,8.57
678020,FS,98,33,cube60_cluster0,14.29,33.67,45.91,14.29,3.0890381813221772,14.29,33,cube60_cluster0,14.29,cube61_cluster0,11.22,cube68_cluster0,8.16
678020,SL,7,6,cube61_cluster0,28.57,57.15,85.72999999999999,28.57,1.748067149102356,28.57,6,cube61_cluster0,28.57,cube25_cluster0,14.29,cube16_cluster0,14.29
678215,FF,56,30,cube60_cluster0,14.29,30.36,41.08,14.29,3.163799176371644,14.29,30,cube60_cluster0,14.29,cube67_cluster0,10.71,cube51_cluster0,5.36
678215,FS,72,26,cube51_cluster0,11.11,29.159999999999997,44.42999999999999,11.11,3.012397555946919,11.11,26,cube51_cluster0,11.11,cube61_cluster0,9.72,cube67_cluster0,8.33
678215,SI,8,5,cube68_cluster0,37.5,75.0,100.0,37.5,1.4941751382893085,37.5,5,cube68_cluster0,37.5,cube42_cluster0,25.0,cube9_cluster0,12.5
678215,SL,88,32,cube61_cluster0,10.23,25.0,37.5,10.23,3.2241148648736337,10.23,32,cube61_cluster0,10.23,cube60_cluster0,7.95,cube50_cluster0,6.82
678495,FF,20,11,cube60_cluster0,25.0,50.0,70.0,25.0,2.2206367979772654,25.0,11,cube60_cluster0,25.0,cube68_cluster0,15.0,cube50_cluster0,10.0
678495,SL,40,19,cube60_cluster0,17.5,37.5,52.5,17.5,2.7330076673650767,17.5,19,cube60_cluster0,17.5,cube51_cluster0,10.0,cube61_cluster0,10.0
678606,CH,7,7,cube62_cluster3,14.29,42.87,71.44999999999999,14.29,1.9461938771045295,14.29,7,cube62_cluster3,14.29,cube51_cluster0,14.29,cube41_cluster0,14.29
678606,FF,14,12,cube16_cluster0,14.29,35.72,50.0,14.29,2.4406279839389677,14.29,12,cube16_cluster0,14.29,cube60_cluster0,14.29,cube66_cluster1,7.14
678606,SI,84,33,cube60_cluster0,15.48,32.14,41.66,15.48,3.166007435748558,15.48,33,cube60_cluster0,15.48,cube61_cluster0,8.33,cube50_cluster0,8.33
678606,SL,21,14,cube61_cluster0,19.05,42.86,57.13999999999999,19.05,2.4910574769568457,19.05,14,cube61_cluster0,19.05,cube60_cluster0,14.29,cube66_cluster1,9.52
679885,FF,49,26,cube60_cluster0,16.33,32.65,40.809999999999995,16.33,3.037178088827989,16.33,26,cube60_cluster0,16.33,cube61_cluster0,10.2,cube24_cluster0,6.12
679885,FS,35,24,cube67_cluster0,8.57,25.71,37.13,8.57,3.075512079191135,8.57,24,cube67_cluster0,8.57,cube60_cluster0,8.57,cube62_cluster3,8.57
679885,SI,21,13,cube60_cluster0,23.81,52.38999999999999,61.90999999999999,23.81,2.3471273754239514,23.81,13,cube60_cluster0,23.81,cube67_cluster0,14.29,cube62_cluster3,14.29
680767,CH,49,29,cube60_cluster0,16.33,30.61,42.849999999999994,16.33,3.1234314216969823,16.33,29,cube60_cluster0,16.33,cube51_cluster0,8.16,cube61_cluster0,6.12
680767,FF,19,11,cube61_cluster0,21.05,52.63,68.42,21.05,2.2323048948846043,21.05,11,cube61_cluster0,21.05,cube68_cluster0,15.79,cube59_cluster0,15.79
680767,SL,33,27,cube60_cluster0,9.09,24.24,33.33,9.09,3.212520753346438,9.09,27,cube60_cluster0,9.09,cube61_cluster0,9.09,cube51_cluster0,6.06
680885,CU,88,35,cube61_cluster0,12.5,29.55,42.050000000000004,12.5,3.238598503795822,12.5,35,cube61_cluster0,12.5,cube60_cluster0,10.23,cube67_cluster0,6.82
680885,FC,40,23,cube60_cluster0,10.0,30.0,42.5,10.0,2.9826510699598794,10.0,23,cube60_cluster0,10.0,cube42_cluster0,10.0,cube61_cluster0,10.0
680885,FF,336,43,cube61_cluster0,10.71,26.779999999999998,36.01,10.71,3.3939398928220577,10.71,43,cube61_cluster0,10.71,cube60_cluster0,10.12,cube66_cluster0,5.95
680885,FS,136,42,cube61_cluster0,11.76,27.200000000000003,38.97,11.76,3.374468825784221,11.76,42,cube61_cluster0,11.76,cube66_cluster0,8.09,cube67_cluster0,7.35
680885,SI,72,32,cube61_cluster0,12.5,30.549999999999997,43.05,12.5,3.177289022573949,12.5,32,cube61_cluster0,12.5,cube60_cluster0,9.72,cube67_cluster0,8.33
680885,SL,120,35,cube60_cluster0,15.83,36.66,47.489999999999995,15.83,3.1035737127976306,15.83,35,cube60_cluster0,15.83,cube61_cluster0,10.83,cube67_cluster0,10.0
681190,CH,16,13,cube68_cluster0,18.75,37.5,50.0,18.75,2.4799555205445176,18.75,13,cube68_cluster0,18.75,cube9_cluster0,12.5,cube59_cluster0,6.25
681190,CU,138,37,cube61_cluster0,13.77,35.5,47.82,13.77,3.1598886181431167,13.77,37,cube61_cluster0,13.77,cube60_cluster0,11.59,cube67_cluster0,10.14
681190,FC,216,42,cube60_cluster0,10.19,25.93,38.42999999999999,10.19,3.329388852054529,10.19,42,cube60_cluster0,10.19,cube61_cluster0,9.26,cube50_cluster0,6.48
681190,FF,91,35,cube60_cluster0,18.68,36.26,43.959999999999994,18.68,3.170511643140525,18.68,35,cube60_cluster0,18.68,cube61_cluster0,9.89,cube67_cluster0,7.69
681190,SI,89,39,cube61_cluster0,11.24,24.72,33.7,11.24,3.417856448425345,11.24,39,cube61_cluster0,11.24,cube60_cluster0,8.99,cube17_cluster0,4.49
681190,ST,70,31,cube68_cluster0,10.0,28.57,42.85,10.0,3.1746886982743576,10.0,31,cube68_cluster0,10.0,cube25_cluster0,10.0,cube61_cluster0,8.57
681676,FF,64,32,cube61_cluster0,9.38,21.880000000000003,31.260000000000005,9.38,3.323825948526048,9.38,32,cube61_cluster0,9.38,cube17_cluster0,7.81,cube68_cluster0,4.69
681676,SL,64,28,cube61_cluster0,10.94,29.689999999999998,42.19,10.94,3.1126104320989856,10.94,28,cube61_cluster0,10.94,cube60_cluster0,10.94,cube66_cluster0,7.81
681867,CH,48,26,cube60_cluster0,10.42,29.17,43.75,10.42,3.0507450389746116,10.42,26,cube60_cluster0,10.42,cube68_cluster0,10.42,cube61_cluster0,8.33
681867,FC,40,27,cube61_cluster0,12.5,32.5,42.5,12.5,3.1001519772713135,12.5,27,cube61_cluster0,12.5,cube67_cluster0,12.5,cube68_cluster0,7.5
681867,SI,80,31,cube60_cluster0,16.25,30.0,42.5,16.25,3.1259249147365695,16.25,31,cube60_cluster0,16.25,cube51_cluster0,7.5,cube61_cluster0,6.25
681867,ST,8,6,cube1_cluster1,25.0,62.5,87.5,25.0,1.7328679513998633,25.0,6,cube1_cluster1,25.0,cube68_cluster0,25.0,cube9_cluster0,12.5
682120,CU,28,20,cube50_cluster0,10.71,28.560000000000002,42.84,10.71,2.897985961359835,10.71,20,cube50_cluster0,10.71,cube66_cluster0,10.71,cube62_cluster1,7.14
682120,FF,36,20,cube60_cluster0,16.67,30.56,41.68,16.67,2.848017243563925,16.67,20,cube60_cluster0,16.67,cube10_cluster0,8.33,cube25_cluster1,5.56
682120,SI,20,15,cube66_cluster0,10.0,30.0,50.0,10.0,2.649158683274018,10.0,15,cube66_cluster0,10.0,cube25_cluster0,10.0,cube62_cluster1,10.0
682120,SL,8,7,cube66_cluster0,25.0,50.0,75.0,25.0,1.9061547465398496,25.0,7,cube66_cluster0,25.0,cube62_cluster3,12.5,cube17_cluster0,12.5
682842,SI,30,16,cube66_cluster0,13.33,33.33,53.33,13.33,2.637780275010604,13.33,16,cube66_cluster0,13.33,cube59_cluster1,10.0,cube50_cluster0,10.0
682842,SL,42,27,cube60_cluster0,14.29,28.57,42.85,14.29,3.1010545330037727,14.29,27,cube60_cluster0,14.29,cube16_cluster0,7.14,cube62_cluster3,7.14
683409,CH,77,33,cube60_cluster0,18.18,32.46,42.839999999999996,18.18,3.150460561271177,18.18,33,cube60_cluster0,18.18,cube67_cluster0,7.79,cube59_cluster0,6.49
683409,FF,35,25,cube31_cluster0,8.57,19.990000000000002,31.410000000000004,8.57,3.1448225327875226,8.57,25,cube31_cluster0,8.57,cube60_cluster0,5.71,cube68_cluster0,5.71
683409,SL,28,20,cube61_cluster0,14.29,32.14,46.42,14.29,2.8672698074173217,14.29,20,cube61_cluster0,14.29,cube60_cluster0,10.71,cube16_cluster0,7.14
683769,FF,15,11,cube59_cluster0,13.33,39.99,59.99,13.33,2.338634854456088,13.33,11,cube59_cluster0,13.33,cube60_cluster0,13.33,cube61_cluster0,13.33
683769,SL,70,30,cube60_cluster0,14.29,34.29,47.14,14.29,3.0904039948634883,14.29,30,cube60_cluster0,14.29,cube67_cluster0,11.43,cube50_cluster0,8.57
684007,CU,16,11,cube60_cluster0,25.0,50.0,62.5,25.0,2.220025327834538,25.0,11,cube60_cluster0,25.0,cube61_cluster0,18.75,cube61_cluster2,6.25
684007,FF,415,45,cube60_cluster0,10.12,24.089999999999996,34.69,10.12,3.43249615406698,10.12,45,cube60_cluster0,10.12,cube61_cluster0,8.43,cube59_cluster0,5.54
684007,FS,169,41,cube60_cluster0,12.43,33.14,43.79,12.43,3.2689071251265593,12.43,41,cube60_cluster0,12.43,cube61_cluster0,10.65,cube67_cluster0,10.06
684007,SI,8,8,cube2_cluster0,12.5,37.5,62.5,12.5,2.0794415416798357,12.5,8,cube2_cluster0,12.5,cube69_cluster0,12.5,cube68_cluster0,12.5
684007,ST,95,32,cube61_cluster0,12.63,30.520000000000003,41.04,12.63,3.180407335837759,12.63,32,cube61_cluster0,12.63,cube67_cluster0,9.47,cube60_cluster0,8.42
684320,FF,64,28,cube61_cluster0,10.94,26.57,39.07,10.94,3.123821793305993,10.94,28,cube61_cluster0,10.94,cube67_cluster0,9.38,cube51_cluster0,6.25
684320,FS,32,19,cube67_cluster0,15.62,37.5,53.13,15.62,2.746831846331388,15.62,19,cube67_cluster0,15.62,cube61_cluster0,12.5,cube68_cluster0,9.38
684320,SI,16,15,cube10_cluster0,12.5,25.0,37.5,12.5,2.685945324669788,12.5,15,cube10_cluster0,12.5,cube1_cluster0,6.25,cube3_cluster0,6.25
684320,SL,40,20,cube61_cluster0,15.0,40.0,55.0,15.0,2.748992135236996,15.0,20,cube61_cluster0,15.0,cube67_cluster0,12.5,cube60_cluster0,12.5
685126,CH,42,24,cube60_cluster0,19.05,38.09,49.99,19.05,2.899341856297209,19.05,24,cube60_cluster0,19.05,cube68_cluster0,9.52,cube67_cluster0,9.52
685126,FF,7,7,cube62_cluster1,14.29,42.87,71.44999999999999,14.29,1.9461938771045295,14.29,7,cube62_cluster1,14.29,cube33_cluster0,14.29,cube50_cluster0,14.29
685126,SI,49,26,cube60_cluster0,12.24,32.64,44.879999999999995,12.24,3.0347665781122544,12.24,26,cube60_cluster0,12.24,cube61_cluster0,12.24,cube16_cluster0,8.16
685126,SL,77,31,cube61_cluster0,15.58,32.46,41.55,15.58,3.1534038549439454,15.58,31,cube61_cluster0,15.58,cube60_cluster0,10.39,cube59_cluster0,6.49
685801,CU,6,5,cube67_cluster0,33.33,66.67,100.01,33.33,1.560812674895181,33.33,5,cube67_cluster0,33.33,cube18_cluster0,16.67,cube16_cluster0,16.67
685801,FF,24,15,cube61_cluster0,12.5,33.33,49.989999999999995,12.5,2.6149226228847224,12.5,15,cube61_cluster0,12.5,cube16_cluster0,12.5,cube62_cluster1,8.33
685801,SI,6,6,cube66_cluster0,16.67,50.010000000000005,83.35000000000001,16.67,1.7919178011232335,16.67,6,cube66_cluster0,16.67,cube68_cluster0,16.67,cube18_cluster0,16.67
685801,SL,42,21,cube60_cluster0,19.05,42.86,54.76,19.05,2.7277481345651875,19.05,21,cube60_cluster0,19.05,cube61_cluster0,16.67,cube18_cluster0,7.14
686563,CH,168,38,cube60_cluster0,11.31,28.57,38.089999999999996,11.31,3.3039278864620254,11.31,38,cube60_cluster0,11.31,cube61_cluster0,10.12,cube50_cluster0,7.14
686563,FC,126,39,cube60_cluster0,11.9,27.770000000000003,39.68000000000001,11.9,3.3025515814379514,11.9,39,cube60_cluster0,11.9,cube61_cluster0,9.52,cube66_cluster0,6.35
686563,FF,91,35,cube50_cluster0,8.79,24.17,36.25,8.79,3.297684517766807,8.79,35,cube50_cluster0,8.79,cube68_cluster0,7.69,cube61_cluster0,7.69
686563,SI,133,35,cube60_cluster0,14.29,34.59,45.12,14.29,3.1014749493239573,14.29,35,cube60_cluster0,14.29,cube61_cluster0,12.78,cube67_cluster0,7.52
686563,ST,98,35,cube60_cluster0,10.2,28.56,37.739999999999995,10.2,3.283888737176951,10.2,35,cube60_cluster0,10.2,cube59_cluster1,10.2,cube61_cluster0,8.16
686993,FC,36,24,cube60_cluster0,11.11,24.999999999999996,36.12,11.11,3.0697641950465866,11.11,24,cube60_cluster0,11.11,cube25_cluster0,8.33,cube62_cluster3,5.56
686993,FF,78,32,cube60_cluster0,10.26,26.92,41.019999999999996,10.26,3.1826222573667766,10.26,32,cube60_cluster0,10.26,cube67_cluster0,8.97,cube61_cluster0,7.69
686993,ST,30,20,cube67_cluster0,13.33,36.66,50.0,13.33,2.828083368461961,13.33,20,cube67_cluster0,13.33,cube60_cluster0,13.33,cube61_cluster0,10.0
687377,CH,7,6,cube60_cluster0,28.57,57.15,85.72999999999999,28.57,1.748067149102356,28.57,6,cube60_cluster0,28.57,cube68_cluster0,14.29,cube62_cluster3,14.29
687377,FF,14,12,cube16_cluster0,14.29,35.72,50.0,14.29,2.4406279839389677,14.29,12,cube16_cluster0,14.29,cube25_cluster1,14.29,cube9_cluster0,7.14
687377,SI,7,6,cube66_cluster0,28.57,57.15,85.72999999999999,28.57,1.748067149102356,28.57,6,cube66_cluster0,28.57,cube16_cluster1,14.29,cube66_cluster1,14.29
687377,SL,28,19,cube60_cluster0,14.29,32.14,46.42,14.29,2.8177790987253415,14.29,19,cube60_cluster0,14.29,cube67_cluster0,10.71,cube43_cluster0,7.14
687396,FF,152,39,cube67_cluster0,8.55,24.340000000000003,34.86,8.55,3.383084980413104,8.55,39,cube67_cluster0,8.55,cube60_cluster0,8.55,cube66_cluster0,7.24
687396,FS,40,22,cube61_cluster0,17.5,35.0,45.0,17.5,2.88471830707118,17.5,22,cube61_cluster0,17.5,cube60_cluster0,10.0,cube68_cluster0,7.5
687396,SL,24,15,cube62_cluster1,16.67,37.5,54.16,16.67,2.5791108444978947,16.67,15,cube62_cluster1,16.67,cube60_cluster0,12.5,cube67_cluster0,8.33
687863,FF,80,30,cube61_cluster0,15.0,31.25,43.75,15.0,3.0960684434207755,15.0,30,cube61_cluster0,15.0,cube59_cluster0,8.75,cube60_cluster0,7.5
687863,ST,40,26,cube60_cluster0,10.0,27.5,37.5,10.0,3.121280506071869,10.0,26,cube60_cluster0,10.0,cube67_cluster0,10.0,cube50_cluster0,7.5
688297,FC,16,10,cube60_cluster0,18.75,43.75,68.75,18.75,2.220025327834538,18.75,10,cube60_cluster0,18.75,cube51_cluster0,12.5,cube50_cluster0,12.5
688297,FF,40,16,cube51_cluster0,17.5,45.0,62.5,17.5,2.5187467247167,17.5,16,cube51_cluster0,17.5,cube61_cluster0,15.0,cube50_cluster0,12.5
688297,SI,32,24,cube60_cluster0,9.38,25.01,37.510000000000005,9.38,3.0843761065371296,9.38,24,cube60_cluster0,9.38,cube61_cluster0,9.38,cube62_cluster3,6.25
689254,FC,16,12,cube61_cluster0,25.0,43.75,56.25,25.0,2.3393717343898155,25.0,12,cube61_cluster0,25.0,cube62_cluster0,12.5,cube51_cluster0,6.25
689254,ST,8,6,cube59_cluster1,25.0,62.5,87.5,25.0,1.7328679513998633,25.0,6,cube59_cluster1,25.0,cube60_cluster0,25.0,cube10_cluster0,12.5
689690,CH,104,35,cube61_cluster0,9.62,25.97,38.47,9.62,3.30589222307648,9.62,35,cube61_cluster0,9.62,cube60_cluster0,9.62,cube51_cluster0,6.73
689690,FF,64,29,cube61_cluster0,10.94,25.0,37.5,10.94,3.187324684688553,10.94,29,cube61_cluster0,10.94,cube68_cluster0,7.81,cube62_cluster0,6.25
689690,SI,32,18,cube60_cluster0,15.62,37.5,50.0,15.62,2.7201632896387617,15.62,18,cube60_cluster0,15.62,cube50_cluster0,12.5,cube66_cluster0,9.38
689690,ST,8,7,cube60_cluster0,25.0,50.0,75.0,25.0,1.9061547465398496,25.0,7,cube60_cluster0,25.0,cube50_cluster0,12.5,cube33_cluster0,12.5
691594,FA,64,27,cube61_cluster0,15.62,39.059999999999995,54.68,15.62,2.905188095832545,15.62,27,cube61_cluster0,15.62,cube60_cluster0,12.5,cube67_cluster0,10.94
694297,CH,161,41,cube61_cluster0,11.18,27.33,36.65,11.18,3.369140537911926,11.18,41,cube61_cluster0,11.18,cube60_cluster0,9.32,cube67_cluster0,6.83
694297,CU,140,39,cube60_cluster0,16.43,34.28,44.28,16.43,3.204639944588794,16.43,39,cube60_cluster0,16.43,cube61_cluster0,10.71,cube67_cluster0,7.14
694297,FF,210,42,cube60_cluster0,12.38,30.480000000000004,40.0,12.38,3.3157434717769556,12.38,42,cube60_cluster0,12.38,cube61_cluster0,11.43,cube68_cluster0,6.67
694297,SI,63,29,cube60_cluster0,15.87,36.51,47.62,15.87,3.047756838407317,15.87,29,cube60_cluster0,15.87,cube50_cluster0,12.7,cube68_cluster0,7.94
694297,ST,63,27,cube60_cluster0,12.7,34.92,46.03,12.7,3.0256558940377416,12.7,27,cube60_cluster0,12.7,cube51_cluster0,11.11,cube61_cluster0,11.11
695243,FF,77,32,cube61_cluster0,15.58,32.46,42.85,15.58,3.163745910280139,15.58,32,cube61_cluster0,15.58,cube60_cluster0,10.39,cube68_cluster0,6.49
695243,SL,7,6,cube60_cluster0,28.57,57.15,85.72999999999999,28.57,1.748067149102356,28.57,6,cube60_cluster0,28.57,cube50_cluster0,14.29,cube68_cluster0,14.29
702352,CH,12,9,cube60_cluster0,16.67,50.010000000000005,66.67,16.67,2.138115204120325,16.67,9,cube60_cluster0,16.67,cube66_cluster1,16.67,cube62_cluster3,16.67
702352,FC,64,25,cube16_cluster0,10.94,28.13,43.75,10.94,2.9772552874481484,10.94,25,cube16_cluster0,10.94,cube50_cluster0,9.38,cube67_cluster0,7.81
702352,SI,32,17,cube61_cluster0,18.75,34.38,46.88,18.75,2.679417565111169,18.75,17,cube61_cluster0,18.75,cube60_cluster0,9.38,cube25_cluster0,6.25
702352,SV,12,9,cube66_cluster0,25.0,50.0,66.66,25.0,2.0944089112856714,25.0,9,cube66_cluster0,25.0,cube60_cluster0,16.67,cube42_cluster0,8.33
702674,CH,55,27,cube67_cluster0,10.91,30.91,41.81,10.91,3.0995223862970214,10.91,27,cube67_cluster0,10.91,cube61_cluster0,10.91,cube16_cluster0,9.09
702674,CU,25,16,cube60_cluster0,24.0,44.0,56.0,24.0,2.5461165287237026,24.0,16,cube60_cluster0,24.0,cube66_cluster0,12.0,cube67_cluster0,8.0
702674,FF,140,40,cube60_cluster0,14.29,29.29,37.87,14.29,3.349663208838249,14.29,40,cube60_cluster0,14.29,cube61_cluster0,10.71,cube62_cluster3,4.29
702674,SL,60,26,cube60_cluster0,11.67,30.0,45.0,11.67,3.0022168169733647,11.67,26,cube60_cluster0,11.67,cube62_cluster3,10.0,cube66_cluster0,8.33
808967,CU,119,36,cube60_cluster0,11.76,28.56,41.160000000000004,11.76,3.2291863295284102,11.76,36,cube60_cluster0,11.76,cube50_cluster0,9.24,cube61_cluster0,7.56
808967,FC,84,35,cube61_cluster0,13.1,30.950000000000003,40.47,13.1,3.2160982150811246,13.1,35,cube61_cluster0,13.1,cube60_cluster0,10.71,cube66_cluster0,7.14
808967,FF,294,45,cube60_cluster0,12.93,29.59,40.13,12.93,3.3608739872213667,12.93,45,cube60_cluster0,12.93,cube61_cluster0,11.22,cube66_cluster0,5.44
808967,FS,147,39,cube61_cluster0,9.52,27.88,40.12,9.52,3.297597561941809,9.52,39,cube61_cluster0,9.52,cube67_cluster0,9.52,cube60_cluster0,8.84
808967,SI,21,14,cube67_cluster0,9.52,28.56,47.599999999999994,9.52,2.5817912676125174,9.52,14,cube67_cluster0,9.52,cube41_cluster0,9.52,cube52_cluster0,9.52
808967,SL,7,7,cube61_cluster0,14.29,42.87,71.44999999999999,14.29,1.9461938771045295,14.29,7,cube61_cluster0,14.29,cube67_cluster0,14.29,cube16_cluster1,14.29
808967,ST,7,6,cube59_cluster0,28.57,57.15,85.72999999999999,28.57,1.748067149102356,28.57,6,cube59_cluster0,28.57,cube32_cluster0,14.29,cube50_cluster0,14.29
